State Code,State Name,District Code,City,Tot_P
01,JAMMU & KASHMIR,10,Srinagar (M Corp.),"1,192,792"
01,JAMMU & KASHMIR,14,Anantnag (M Cl),"108,505"
01,JAMMU & KASHMIR,21,Jammu (MC),"503,690"
02,HIMACHAL PRADESH,11,Shimla (M Corp.),"169,758"
03,PUNJAB,01,Pathankot (M Cl),"148,357"
03,PUNJAB,01,Batala (M Cl),"156,400"
03,PUNJAB,02,Kapurthala (M Cl),"101,654"
03,PUNJAB,03,Jalandhar (M Corp.),"862,196"
03,PUNJAB,04,Hoshiarpur (M Cl),"168,443"
03,PUNJAB,07,Khanna (M Cl),"128,130"
03,PUNJAB,07,Ludhiana (M Corp.),"1,613,878"
03,PUNJAB,08,Moga (M Cl),"150,432"
03,PUNJAB,09,Firozpur (M Cl),"110,091"
03,PUNJAB,09,Abohar (M Cl),"145,238"
03,PUNJAB,10,Muktsar (M Cl),"117,085"
03,PUNJAB,12,Bathinda (M Corp.),"285,813"
03,PUNJAB,14,Patiala (M Corp.),"405,164"
03,PUNJAB,15,Amritsar (M Corp.),"1,132,761"
03,PUNJAB,18,S.A.S. Nagar (M Cl),"146,104"
03,PUNJAB,19,Malerkotla (M Cl),"135,330"
03,PUNJAB,20,Barnala (M Cl),"116,454"
04,CHANDIGARH,01,Chandigarh (M Corp.),"960,787"
05,UTTARAKHAND,05,Dehradun (M Corp.),"578,420"
05,UTTARAKHAND,11,Haldwani-cum-Kathgodam (NPP),"156,060"
05,UTTARAKHAND,12,Kashipur (NPP),"121,610"
05,UTTARAKHAND,12,Rudrapur (NPP),"140,884"
05,UTTARAKHAND,13,Roorkee (NPP),"118,188"
05,UTTARAKHAND,13,Hardwar (NPP),"225,235"
06,HARYANA,01,Panchkula (M Cl) (incl.spl),"210,175"
06,HARYANA,02,Ambala Sadar (M CL),"104,268"
06,HARYANA,02,Ambala (M Cl),"196,216"
06,HARYANA,03,Yamunanagar (M Cl),"216,628"
06,HARYANA,03,Jagadhri (M Cl),"124,915"
06,HARYANA,04,Thanesar (M Cl),"154,962"
06,HARYANA,05,Kaithal (M Cl),"144,633"
06,HARYANA,06,Karnal (M Cl),"286,974"
06,HARYANA,07,Panipat (M Cl),"294,150"
06,HARYANA,08,Sonipat (M Cl),"277,053"
06,HARYANA,09,Jind (M Cl),"166,225"
06,HARYANA,11,Sirsa (M Cl),"183,282"
06,HARYANA,12,Hisar (M Cl),"301,249"
06,HARYANA,13,Bhiwani (M Cl),"197,662"
06,HARYANA,14,Rohtak (M Cl),"373,133"
06,HARYANA,15,Bahadurgarh (M Cl),"170,426"
06,HARYANA,17,Rewari (M Cl),"140,864"
06,HARYANA,18,Gurgaon (M Corp.),"876,824"
06,HARYANA,20,Faridabad (M Corp.),"1,404,653"
06,HARYANA,21,Palwal (M Cl),"127,931"
07,NCT OF DELHI,99,DMC (U) (M Corp.),"11,007,835"
07,NCT OF DELHI,99,NDMC (M Cl) Total,"249,998"
07,NCT OF DELHI,01,Kirari Suleman Nagar (CT),"282,598"
07,NCT OF DELHI,01,Sultan Pur Majra (CT),"181,624"
07,NCT OF DELHI,01,Bhalswa Jahangir Pur (CT),"197,150"
07,NCT OF DELHI,02,Burari (CT),"145,584"
07,NCT OF DELHI,03,Karawal Nagar (CT),"224,666"
07,NCT OF DELHI,03,Mustafabad (CT),"127,012"
07,NCT OF DELHI,03,Gokal Pur (CT),"121,938"
07,NCT OF DELHI,03,Mandoli (CT),"120,345"
07,NCT OF DELHI,04,Dallo Pura (CT),"154,955"
07,NCT OF DELHI,07,Hastsal (CT),"177,033"
07,NCT OF DELHI,07,Nangloi Jat (CT),"205,497"
07,NCT OF DELHI,08,Delhi Cantonment (CB),"116,352"
07,NCT OF DELHI,09,Deoli (CT),"169,410"
08,RAJASTHAN,01,Ganganagar (M Cl),"224,773"
08,RAJASTHAN,02,Hanumangarh (M Cl),"151,104"
08,RAJASTHAN,03,Bikaner (M Corp.),"647,804"
08,RAJASTHAN,04,Churu (M Cl),"119,846"
08,RAJASTHAN,04,Sujangarh (M),"101,528"
08,RAJASTHAN,05,Jhunjhunun (M Cl),"118,966"
08,RAJASTHAN,06,Alwar (M Cl),"315,310"
08,RAJASTHAN,06,Bhiwadi (M),"104,883"
08,RAJASTHAN,07,Bharatpur (M Cl),"252,109"
08,RAJASTHAN,08,Dhaulpur (M),"126,142"
08,RAJASTHAN,09,Hindaun (M),"105,690"
08,RAJASTHAN,10,Gangapur City (M),"119,045"
08,RAJASTHAN,10,Sawai Madhopur (M),"120,998"
08,RAJASTHAN,12,Jaipur (M Corp.),"3,073,350"
08,RAJASTHAN,13,Sikar (M Cl),"237,579"
08,RAJASTHAN,14,Nagaur (M),"100,618"
08,RAJASTHAN,15,Jodhpur (M Corp.),"1,033,918"
08,RAJASTHAN,20,Pali (M Cl),"229,956"
08,RAJASTHAN,21,Ajmer (M Corp.),"542,580"
08,RAJASTHAN,21,Beawar (M Cl),"145,809"
08,RAJASTHAN,21,Kishangarh (M Cl),"155,019"
08,RAJASTHAN,22,Tonk (M Cl),"165,363"
08,RAJASTHAN,23,Bundi (M),"102,823"
08,RAJASTHAN,24,Bhilwara (M Cl),"360,009"
08,RAJASTHAN,27,Banswara (M),"100,128"
08,RAJASTHAN,28,Chittaurgarh (M),"116,409"
08,RAJASTHAN,29,Kota (M Corp.),"1,001,365"
08,RAJASTHAN,30,Baran (M),"118,157"
08,RAJASTHAN,32,Udaipur (M Cl),"451,735"
09,UTTAR PRADESH,01,Saharanpur (M Corp.),"703,345"
09,UTTAR PRADESH,02,Shamli (NPP),"107,233"
09,UTTAR PRADESH,02,Muzaffarnagar (NPP),"392,451"
09,UTTAR PRADESH,04,Moradabad (M Corp.),"889,810"
09,UTTAR PRADESH,04,Sambhal (NPP),"221,334"
09,UTTAR PRADESH,04,Chandausi (NPP),"114,254"
09,UTTAR PRADESH,05,Rampur (NPP),"325,248"
09,UTTAR PRADESH,06,Amroha (NPP),"197,135"
09,UTTAR PRADESH,07,Meerut (M Corp.),"1,309,023"
09,UTTAR PRADESH,08,Baraut (NPP),"102,733"
09,UTTAR PRADESH,09,Modinagar (NPP),"130,161"
09,UTTAR PRADESH,09,Loni (NPP),"512,296"
09,UTTAR PRADESH,09,Khora (CT),"189,410"
09,UTTAR PRADESH,09,Hapur (NPP),"262,801"
09,UTTAR PRADESH,10,Noida (CT),"642,381"
09,UTTAR PRADESH,10,Greater Noida (CT),"107,676"
09,UTTAR PRADESH,11,Bulandshahr (NPP),"222,826"
09,UTTAR PRADESH,11,Khurja (NPP),"111,089"
09,UTTAR PRADESH,12,Aligarh (M Corp.),"872,575"
09,UTTAR PRADESH,13,Hathras (NPP),"137,509"
09,UTTAR PRADESH,14,Mathura (NPP),"349,336"
09,UTTAR PRADESH,15,Agra (M Corp.),"1,574,542"
09,UTTAR PRADESH,16,Firozabad (NPP),"603,797"
09,UTTAR PRADESH,16,Shikohabad (NPP),"107,300"
09,UTTAR PRADESH,17,Mainpuri (NPP),"117,327"
09,UTTAR PRADESH,18,Budaun (NPP),"159,221"
09,UTTAR PRADESH,19,Bareilly (M Corp.),"898,167"
09,UTTAR PRADESH,20,Pilibhit (NPP),"130,428"
09,UTTAR PRADESH,21,Shahjahanpur (NPP),"327,975"
09,UTTAR PRADESH,22,Lakhimpur (NPP),"152,010"
09,UTTAR PRADESH,23,Sitapur (NPP),"177,351"
09,UTTAR PRADESH,24,Hardoi (NPP),"126,890"
09,UTTAR PRADESH,25,Unnao (NPP),"178,681"
09,UTTAR PRADESH,26,Lucknow (M Corp.),"2,815,601"
09,UTTAR PRADESH,27,Rae Bareli (NPP),"191,056"
09,UTTAR PRADESH,28,Farrukhabad-cum-Fatehgarh (NPP),"275,754"
09,UTTAR PRADESH,30,Etawah (NPP),"256,790"
09,UTTAR PRADESH,33,Kanpur (M Corp.),"2,767,031"
09,UTTAR PRADESH,33,Kanpur (C,"108,035"
09,UTTAR PRADESH,34,Orai (NPP),"187,185"
09,UTTAR PRADESH,35,Jhansi (M Corp.),"507,293"
09,UTTAR PRADESH,36,Lalitpur (NPP),"133,041"
09,UTTAR PRADESH,39,Banda (NPP),"154,388"
09,UTTAR PRADESH,41,Fatehpur (NPP),"193,801"
09,UTTAR PRADESH,44,Allahabad (M Corp.),"1,117,094"
09,UTTAR PRADESH,46,Faizabad (NPP),"167,544"
09,UTTAR PRADESH,47,Akbarpur (NPP),"111,594"
09,UTTAR PRADESH,48,Sultanpur (NPP),"107,914"
09,UTTAR PRADESH,49,Bahraich (NPP),"186,241"
09,UTTAR PRADESH,52,Gonda (NPP),"114,353"
09,UTTAR PRADESH,54,Basti (NPP),"114,651"
09,UTTAR PRADESH,57,Gorakhpur (M Corp.),"671,048"
09,UTTAR PRADESH,59,Deoria (NPP),"129,570"
09,UTTAR PRADESH,60,Azamgarh (NPP),"110,980"
09,UTTAR PRADESH,61,Maunath Bhanjan (NPP),"279,060"
09,UTTAR PRADESH,62,Ballia (NPP),"104,271"
09,UTTAR PRADESH,63,Jaunpur (NPP),"168,128"
09,UTTAR PRADESH,64,Ghazipur (NPP),"110,698"
09,UTTAR PRADESH,65,Mughalsarai (NPP),"110,110"
09,UTTAR PRADESH,66,Varanasi (M Corp.),"1,201,815"
09,UTTAR PRADESH,68,Mirzapur-cum-Vindhyachal (NPP),"233,691"
09,UTTAR PRADESH,70,Etah (NPP),"118,632"
09,UTTAR PRADESH,71,Kasganj (NPP),"101,241"
10,BIHAR,01,Bettiah (NP),"132,896"
10,BIHAR,01,Bagaha (NP),"113,012"
10,BIHAR,02,Motihari (NP),"125,183"
10,BIHAR,08,Kishanganj (NP),"107,076"
10,BIHAR,09,Purnia (M Corp.),"280,547"
10,BIHAR,10,Katihar (M Corp.),"225,982"
10,BIHAR,12,Saharsa (NP),"155,175"
10,BIHAR,13,Darbhanga (M Corp.),"294,116"
10,BIHAR,14,Muzaffarpur (M Corp.),"351,838"
10,BIHAR,16,Siwan (NP),"134,458"
10,BIHAR,17,Chapra (NP),"201,597"
10,BIHAR,18,Hajipur (NP),"147,126"
10,BIHAR,20,Begusarai (M Corp.),"251,136"
10,BIHAR,22,Bhagalpur (M Corp.),"398,138"
10,BIHAR,24,Munger (M Corp.),"213,101"
10,BIHAR,24,Jamalpur (NP),"105,221"
10,BIHAR,27,Biharsharif (M Corp.),"296,889"
10,BIHAR,28,Patna (M Corp.),"1,683,200"
10,BIHAR,28,Dinapur Nizamat (NP),"182,241"
10,BIHAR,29,Arrah (M Corp.),"261,099"
10,BIHAR,30,Buxar (NP),"102,591"
10,BIHAR,32,Sasaram (NP),"147,396"
10,BIHAR,32,Dehri (NP),"137,068"
10,BIHAR,33,Aurangabad (NP),"101,520"
10,BIHAR,34,Gaya (M Corp.),"463,454"
10,BIHAR,37,Jehanabad (NP),"102,456"
13,NAGALAND,05,Dimapur (MC),"123,777"
14,MANIPUR,99,Imphal (M Cl),"264,986"
15,MIZORAM,03,Aizawl (NT),"291,822"
16,TRIPURA,01,Agartala (M Cl),"399,688"
17,MEGHALAYA,06,Shillong Municipality (M),"143,007"
18,ASSAM,06,Nagaon (MB),"116,355"
18,ASSAM,11,Dibrugarh (MB),"138,661"
18,ASSAM,17,Silchar (MB),"172,709"
18,ASSAM,23,Guwahati (M Corp.),"963,429"
19,WEST BENGAL,99,Siliguri (M Corp.),"509,709"
19,WEST BENGAL,01,Darjiling (M),"120,414"
19,WEST BENGAL,02,Jalpaiguri (M),"107,351"
19,WEST BENGAL,02,Dabgram (P) (CT),"118,464"
19,WEST BENGAL,04,Raiganj (M),"183,682"
19,WEST BENGAL,05,Balurghat (M),"151,183"
19,WEST BENGAL,06,English Bazar (M),"216,083"
19,WEST BENGAL,07,Baharampur (M),"195,363"
19,WEST BENGAL,09,Asansol (M Corp.),"564,491"
19,WEST BENGAL,09,Kulti (M),"313,977"
19,WEST BENGAL,09,Jamuria (M),"144,971"
19,WEST BENGAL,09,Raniganj (M),"128,624"
19,WEST BENGAL,09,Durgapur (M Corp.),"566,937"
19,WEST BENGAL,09,Barddhaman (M),"314,638"
19,WEST BENGAL,10,Nabadwip (M),"125,528"
19,WEST BENGAL,10,Krishnanagar (M),"152,203"
19,WEST BENGAL,10,Santipur (M),"151,774"
19,WEST BENGAL,11,Bongaon (M),"110,668"
19,WEST BENGAL,11,Habra (M),"149,675"
19,WEST BENGAL,11,Ashokenagar Kalyangarh (M),"123,906"
19,WEST BENGAL,11,Basirhat (M),"127,135"
19,WEST BENGAL,13,Bankura (M),"138,036"
19,WEST BENGAL,14,Puruliya (M),"121,436"
19,WEST BENGAL,16,Kolkata (M Corp.),"4,486,679"
19,WEST BENGAL,10,Kalyani (M),"100,620"
19,WEST BENGAL,11,Rajarhat Gopalpur (M),"404,991"
19,WEST BENGAL,11,Barasat (M),"283,443"
19,WEST BENGAL,11,Madhyamgram (M),"198,964"
19,WEST BENGAL,11,Kanchrapara (M),"122,181"
19,WEST BENGAL,11,Halisahar (M),"126,893"
19,WEST BENGAL,11,Naihati (M),"221,762"
19,WEST BENGAL,11,Bhatpara (M),"390,467"
19,WEST BENGAL,11,North Barrackpur (M),"134,825"
19,WEST BENGAL,11,Barrackpur (M),"154,475"
19,WEST BENGAL,11,Titagarh (M),"118,426"
19,WEST BENGAL,11,Khardaha (M),"111,130"
19,WEST BENGAL,11,Panihati (M),"383,522"
19,WEST BENGAL,11,Kamarhati (M),"336,579"
19,WEST BENGAL,11,Baranagar (M),"248,466"
19,WEST BENGAL,11,South Dum Dum (M),"410,524"
19,WEST BENGAL,11,North Dum Dum (M),"253,625"
19,WEST BENGAL,11,Dum Dum (M),"117,637"
19,WEST BENGAL,11,Bidhan Nagar (M),"218,323"
19,WEST BENGAL,12,Bansberia (M),"103,799"
19,WEST BENGAL,12,Hugli-Chinsurah (M),"177,209"
19,WEST BENGAL,12,Bhadreswar (M),"101,334"
19,WEST BENGAL,12,Champdani (M),"110,983"
19,WEST BENGAL,12,Chandannagar (M Corp.),"166,949"
19,WEST BENGAL,12,Baidyabati (M),"121,081"
19,WEST BENGAL,12,Serampore (M),"183,339"
19,WEST BENGAL,12,Rishra (M),"124,585"
19,WEST BENGAL,12,Uttarpara Kotrung (M),"162,386"
19,WEST BENGAL,15,Bally (M),"291,972"
19,WEST BENGAL,15,Bally (CT),"115,715"
19,WEST BENGAL,15,Haora (M Corp.),"1,072,161"
19,WEST BENGAL,15,Uluberia (M),"222,175"
19,WEST BENGAL,17,Maheshtala (M),"449,423"
19,WEST BENGAL,17,Rajpur Sonarpur (M),"423,806"
19,WEST BENGAL,18,Medinipur (M),"169,127"
19,WEST BENGAL,18,Kharagpur (M),"206,923"
19,WEST BENGAL,19,Haldia (M),"200,762"
20,JHARKHAND,04,Giridih (NP),"114,447"
20,JHARKHAND,05,Deoghar (M Corp.),"203,116"
20,JHARKHAND,09,Dhanbad (M Corp.),"1,161,561"
20,JHARKHAND,10,Bokaro Steel City (CT),"413,934"
20,JHARKHAND,10,Chas (NP),"141,618"
20,JHARKHAND,12,Jamshedpur (NAC),"629,659"
20,JHARKHAND,12,Mango (NAC),"224,002"
20,JHARKHAND,15,Hazaribag (NP),"142,494"
20,JHARKHAND,19,Ranchi (M Corp.),"1,073,440"
20,JHARKHAND,24,Aditya (NP),"173,988"
21,ORISSA,03,Sambalpur Town (M),"183,383"
21,ORISSA,05,Raurkela Industrial Township (IT),"210,412"
21,ORISSA,05,Raurkela Town (M),"273,217"
21,ORISSA,07,Baripada Town (M),"110,058"
21,ORISSA,08,Baleshwar Town (M),"118,202"
21,ORISSA,09,Bhadrak (M),"107,369"
21,ORISSA,12,Cuttack (M Corp.),"606,007"
21,ORISSA,17,Bhubaneswar Town (M Corp.),"837,737"
21,ORISSA,18,Puri Town (M),"201,026"
21,ORISSA,19,Brahmapur Town (M Corp.),"355,823"
22,CHHATTISGARH,02,Ambikapur (M Corp.),"114,575"
22,CHHATTISGARH,04,Raigarh (M Corp.),"137,097"
22,CHHATTISGARH,05,Korba (M Corp.),"363,210"
22,CHHATTISGARH,07,Bilaspur (M Corp.),"330,106"
22,CHHATTISGARH,09,Rajnandgaon (M Corp.),"163,122"
22,CHHATTISGARH,10,Durg (M Corp.),"268,679"
22,CHHATTISGARH,10,Bhilai Nagar (M Corp.),"625,697"
22,CHHATTISGARH,11,Raipur (M Corp.),"1,010,087"
22,CHHATTISGARH,15,Jagdalpur (M Corp.),"125,345"
23,MADHYA PRADESH,02,Morena (M),"200,506"
23,MADHYA PRADESH,03,Bhind (M),"197,332"
23,MADHYA PRADESH,04,Gwalior (M Corp.),"1,053,505"
23,MADHYA PRADESH,05,Datia (M),"100,466"
23,MADHYA PRADESH,06,Shivpuri (M),"179,972"
23,MADHYA PRADESH,08,Chhattarpur (M),"133,626"
23,MADHYA PRADESH,10,Sagar (M Corp.),"273,357"
23,MADHYA PRADESH,11,Damoh (M),"124,979"
23,MADHYA PRADESH,12,Satna (M Corp.),"280,248"
23,MADHYA PRADESH,13,Rewa (M Corp.),"235,422"
23,MADHYA PRADESH,15,Neemuch (M),"128,108"
23,MADHYA PRADESH,16,Mandsaur (M),"141,468"
23,MADHYA PRADESH,17,Ratlam (M Corp.),"264,810"
23,MADHYA PRADESH,18,Nagda (M),"100,036"
23,MADHYA PRADESH,18,Ujjain (M Corp.),"515,215"
23,MADHYA PRADESH,20,Dewas (M Corp.),"289,438"
23,MADHYA PRADESH,21,Pithampur (M),"126,099"
23,MADHYA PRADESH,22,Indore (M Corp.),"1,960,631"
23,MADHYA PRADESH,23,Khargone (M),"106,452"
23,MADHYA PRADESH,26,Vidisha (M),"155,959"
23,MADHYA PRADESH,27,Bhopal (M Corp.),"1,795,648"
23,MADHYA PRADESH,28,Sehore (M),"108,818"
23,MADHYA PRADESH,30,Betul (M),"103,341"
23,MADHYA PRADESH,32,Hoshangabad (M),"117,956"
23,MADHYA PRADESH,33,Murwara (Katni) (M Corp.),"221,875"
23,MADHYA PRADESH,34,Jabalpur (M Corp.),"1,054,336"
23,MADHYA PRADESH,38,Chhindwara (M),"138,266"
23,MADHYA PRADESH,39,Seoni (M),"102,377"
23,MADHYA PRADESH,41,Guna (M),"180,978"
23,MADHYA PRADESH,46,Singrauli (M Corp.),"220,295"
23,MADHYA PRADESH,49,Khandwa (M Corp.),"200,681"
23,MADHYA PRADESH,50,Burhanpur (M Corp.),"210,891"
24,GUJARAT,07,Ahmadabad (M Corp.),"5,570,585"
24,GUJARAT,06,Kalol (M),"112,126"
24,GUJARAT,06,Gandhinagar (NA),"208,299"
24,GUJARAT,01,Bhuj (M),"147,123"
24,GUJARAT,01,Gandhidham (M),"248,705"
24,GUJARAT,02,Palanpur (M),"127,125"
24,GUJARAT,02,Deesa (M),"111,149"
24,GUJARAT,03,Patan (M),"125,502"
24,GUJARAT,04,Mahesana (M),"184,133"
24,GUJARAT,08,Surendranagar Dudhrej (M),"177,827"
24,GUJARAT,09,Morvi (M),"188,278"
24,GUJARAT,09,Rajkot (M. Corp),"1,286,995"
24,GUJARAT,09,Gondal (M),"112,064"
24,GUJARAT,09,Jetpur Navagadh (M),"118,550"
24,GUJARAT,10,Jamnagar (M Corp.),"529,308"
24,GUJARAT,11,Porbandar (M),"152,136"
24,GUJARAT,12,Veraval (M),"153,696"
24,GUJARAT,12,Junagadh (M Corp.),"320,250"
24,GUJARAT,13,Amreli (M),"105,980"
24,GUJARAT,14,Bhavnagar (M Corp.),"593,768"
24,GUJARAT,14,Botad (M),"130,302"
24,GUJARAT,15,Anand (M),"197,351"
24,GUJARAT,16,Nadiad (M),"218,150"
24,GUJARAT,17,Godhra (M),"143,126"
24,GUJARAT,19,Vadodara (M Corp.),"1,666,703"
24,GUJARAT,21,Bharuch (M),"168,729"
24,GUJARAT,23,Navsari (M),"160,100"
24,GUJARAT,24,Valsad (M),"114,987"
24,GUJARAT,25,Surat (M Corp.),"4,462,002"
27,MAHARASHTRA,01,Nandurbar (M Cl),"111,067"
27,MAHARASHTRA,02,Dhule (M Corp.),"376,093"
27,MAHARASHTRA,03,Jalgaon (M Corp.),"460,468"
27,MAHARASHTRA,03,Bhusawal (M Cl),"187,750"
27,MAHARASHTRA,05,Akola (M Corp.),"427,146"
27,MAHARASHTRA,07,Achalpur (M Cl),"112,293"
27,MAHARASHTRA,07,Amravati (M Corp.),"646,801"
27,MAHARASHTRA,08,Wardha (M Cl),"105,543"
27,MAHARASHTRA,08,Hinganghat (M Cl),"100,416"
27,MAHARASHTRA,09,Nagpur (M Corp.),"2,405,421"
27,MAHARASHTRA,11,Gondiya (M Cl),"132,889"
27,MAHARASHTRA,13,Chandrapur (M Cl),"321,036"
27,MAHARASHTRA,14,Yavatmal (M Cl),"116,714"
27,MAHARASHTRA,15,Nanded Waghala (M Corp.),"550,564"
27,MAHARASHTRA,17,Parbhani (M Cl),"307,191"
27,MAHARASHTRA,18,Jalna (M Cl),"285,349"
27,MAHARASHTRA,19,Aurangabad (M Corp.),"1,171,330"
27,MAHARASHTRA,20,Nashik (M Corp.),"1,486,973"
27,MAHARASHTRA,20,Malegoan (M Corp.),"471,006"
27,MAHARASHTRA,21,Vasai Virar City (M Corp.),"1,221,233"
27,MAHARASHTRA,21,Bhiwandi (M Corp.),"711,329"
27,MAHARASHTRA,99,Greater Mumbai (M Corp.),"12,478,447"
27,MAHARASHTRA,21,Mira-Bhayander (M Corp.),"814,655"
27,MAHARASHTRA,21,Thane (M Corp.),"1,818,872"
27,MAHARASHTRA,21,Navi Mumbai (M Corp.),"1,119,477"
27,MAHARASHTRA,21,Kalyan-Dombivali (M Corp.),"1,246,381"
27,MAHARASHTRA,21,Ulhasnagar (M Corp.),"506,937"
27,MAHARASHTRA,21,Ambernath (M Cl),"254,003"
27,MAHARASHTRA,21,Badalapur (M Cl),"175,516"
27,MAHARASHTRA,24,Panvel (M Cl),"180,464"
27,MAHARASHTRA,24,Navi Mumbai Panvel Raigad (CT),"194,999"
27,MAHARASHTRA,25,Pune (M Corp.),"3,115,431"
27,MAHARASHTRA,25,Pimpri-Chinchwad (M Corp.),"1,729,359"
27,MAHARASHTRA,26,Ahmadnagar (M Corp.),"350,905"
27,MAHARASHTRA,27,Bid (M Cl),"146,237"
27,MAHARASHTRA,28,Latur (M Cl),"382,754"
27,MAHARASHTRA,28,Udgir (M Cl),"104,063"
27,MAHARASHTRA,29,Osmanabad (M Cl),"112,085"
27,MAHARASHTRA,30,Barshi (M Cl),"118,573"
27,MAHARASHTRA,30,Solapur (M Corp.),"951,118"
27,MAHARASHTRA,31,Satara (M Cl),"120,079"
27,MAHARASHTRA,34,Ichalkaranji (M Cl),"287,570"
27,MAHARASHTRA,34,Kolapur (M Corp.),"549,283"
27,MAHARASHTRA,35,Sangli Miraj Kupwad (M Corp.),"502,697"
28,ANDHRA PRADESH,01,Adilabad (M),"117,388"
28,ANDHRA PRADESH,02,Nizamabad (M Corp.),"310,467"
28,ANDHRA PRADESH,03,Ramagundam (M),"229,632"
28,ANDHRA PRADESH,03,Karimnagar (M Corp.),"260,899"
28,ANDHRA PRADESH,99,Greater Hyderabad (M Corp.),"6,809,970"
28,ANDHRA PRADESH,05,Secunderabad (CB),"213,698"
28,ANDHRA PRADESH,07,Mahbubnagar (M),"157,902"
28,ANDHRA PRADESH,08,Suryapet (M),"105,250"
28,ANDHRA PRADESH,08,Nalgonda (M),"135,163"
28,ANDHRA PRADESH,08,Miryalaguda (M),"103,855"
28,ANDHRA PRADESH,09,Warangal (M Corp.),"620,116"
28,ANDHRA PRADESH,10,Khammam (M),"184,252"
28,ANDHRA PRADESH,11,Srikakulam (M),"126,003"
28,ANDHRA PRADESH,12,Vizianagaram (M),"227,533"
28,ANDHRA PRADESH,13,GVMC (MC),"1,730,320"
28,ANDHRA PRADESH,14,Rajahmundry (M Corp.),"343,903"
28,ANDHRA PRADESH,14,Kakinada (M Corp.),"312,255"
28,ANDHRA PRADESH,15,Tadepalligudem (M),"103,577"
28,ANDHRA PRADESH,15,Eluru (M Corp.),"214,414"
28,ANDHRA PRADESH,15,Bhimavaram (M),"142,280"
28,ANDHRA PRADESH,16,Vijayawada (M Corp.),"1,048,240"
28,ANDHRA PRADESH,16,Gudivada (M),"118,289"
28,ANDHRA PRADESH,16,Machilipatnam (M),"170,008"
28,ANDHRA PRADESH,17,Narasaraopet (M),"116,329"
28,ANDHRA PRADESH,17,Guntur (M Corp.),"651,382"
28,ANDHRA PRADESH,17,Chilakaluripet (M),"101,550"
28,ANDHRA PRADESH,17,Tenali (M),"164,649"
28,ANDHRA PRADESH,18,Ongole (M),"202,826"
28,ANDHRA PRADESH,19,Nellore (M Corp.),"505,258"
28,ANDHRA PRADESH,20,Proddatur (M),"162,816"
28,ANDHRA PRADESH,20,Kadapa (M Corp.),"341,823"
28,ANDHRA PRADESH,21,Kurnool (M Corp.),"424,920"
28,ANDHRA PRADESH,21,Adoni (M),"166,537"
28,ANDHRA PRADESH,21,Nandyal (M),"200,746"
28,ANDHRA PRADESH,22,Anantapur (M Corp.),"262,340"
28,ANDHRA PRADESH,22,Guntakal (M),"126,479"
28,ANDHRA PRADESH,22,Tadpatri (M),"108,249"
28,ANDHRA PRADESH,22,Dharmavaram (M),"121,992"
28,ANDHRA PRADESH,22,Hindupur (M),"151,835"
28,ANDHRA PRADESH,23,Tirupati (M Corp.),"287,035"
28,ANDHRA PRADESH,23,Madanapalle (M),"135,669"
28,ANDHRA PRADESH,23,Chittoor (M),"153,766"
29,KARNATAKA,01,Belgaum (M Corp.),"488,292"
29,KARNATAKA,02,Bagalkot (CMC),"112,068"
29,KARNATAKA,03,Bijapur (CMC),"326,360"
29,KARNATAKA,04,Bidar (CMC),"211,944"
29,KARNATAKA,05,Raichur (CMC),"232,456"
29,KARNATAKA,06,Gangawati (CMC),"105,354"
29,KARNATAKA,07,Gadag-Betigeri (CMC),"172,813"
29,KARNATAKA,08,Hubli-Dharwad *(M Corp.),"943,857"
29,KARNATAKA,10,Ranibennur (CMC),"106,365"
29,KARNATAKA,11,Hospet (CMC),"206,159"
29,KARNATAKA,11,Bellary (M Corp.),"409,644"
29,KARNATAKA,12,Chitradurga (CMC),"139,914"
29,KARNATAKA,13,Davanagere (M Corp.),"435,128"
29,KARNATAKA,14,Shimoga (CMC),"322,428"
29,KARNATAKA,14,Bhadravati (CMC),"150,776"
29,KARNATAKA,15,Udupi (CMC),"125,350"
29,KARNATAKA,16,Chikmagalur (CMC),"118,496"
29,KARNATAKA,17,Tumkur (CMC),"305,821"
29,KARNATAKA,18,BBMP (M Corp.),"8,425,970"
29,KARNATAKA,19,Mandya (CMC),"137,735"
29,KARNATAKA,20,Hassan (CMC),"133,723"
29,KARNATAKA,21,Mangalore (M Corp.),"484,785"
29,KARNATAKA,23,Mysore (M Corp.),"887,446"
29,KARNATAKA,25,Gulbarga (M Corp.),"532,031"
29,KARNATAKA,27,Kolar (CMC),"138,553"
29,KARNATAKA,27,Robertson Pet (CMC),"146,428"
32,KERALA,04,Kozhikode (M Corp.),"432,097"
32,KERALA,06,Palakkad (M),"131,019"
32,KERALA,07,Thrissur (M.Corp),"315,596"
32,KERALA,08,Kochi (M Corp.),"601,574"
32,KERALA,11,Alappuzha (M),"174,164"
32,KERALA,13,Kollam (M Corp.),"349,033"
32,KERALA,14,Thiruvananthapuram (M Corp.),"752,490"
33,TAMIL NADU,02,Chennai (M Corp.),"4,681,087"
33,TAMIL NADU,01,Avadi (M),"344,701"
33,TAMIL NADU,01,Tiruvottiyur (M),"248,059"
33,TAMIL NADU,01,Madavaram (M),"118,525"
33,TAMIL NADU,01,Ambattur (M),"478,134"
33,TAMIL NADU,03,Alandur (M),"164,162"
33,TAMIL NADU,03,Pallavaram (M),"216,308"
33,TAMIL NADU,03,Tambaram (M),"176,807"
33,TAMIL NADU,03,Kancheepuram (M),"164,265"
33,TAMIL NADU,04,Vellore (M Corp.),"185,895"
33,TAMIL NADU,04,Ambur (M),"113,856"
33,TAMIL NADU,05,Tiruvannamalai (M),"144,683"
33,TAMIL NADU,07,Salem (M Corp.),"831,038"
33,TAMIL NADU,09,Erode (M Corp.),"156,953"
33,TAMIL NADU,11,Dindigul (M),"207,225"
33,TAMIL NADU,13,Tiruchirappalli (M Corp.),"846,915"
33,TAMIL NADU,16,Neyveli (TS) (CT),"105,687"
33,TAMIL NADU,16,Cuddalore (M),"173,361"
33,TAMIL NADU,17,Nagapattinam (M),"102,838"
33,TAMIL NADU,19,Kumbakonam (M),"140,113"
33,TAMIL NADU,19,Thanjavur (M),"222,619"
33,TAMIL NADU,20,Pudukkottai (M),"117,215"
33,TAMIL NADU,21,Karaikkudi (M),"106,793"
33,TAMIL NADU,22,Madurai (M Corp.),"1,016,885"
33,TAMIL NADU,24,Rajapalayam (M),"130,119"
33,TAMIL NADU,26,Thoothukkudi (M Corp.),"237,374"
33,TAMIL NADU,27,Tirunelveli (M Corp.),"474,838"
33,TAMIL NADU,28,Nagercoil (M),"224,329"
33,TAMIL NADU,30,Hosur (M),"116,821"
33,TAMIL NADU,31,Coimbatore (M Corp.),"1,061,447"
33,TAMIL NADU,31,Kurichi (M),"125,800"
33,TAMIL NADU,32,Tiruppur (M Corp.),"444,543"
34,PUDUCHERRY,02,Puducherry (M),"241,773"
34,PUDUCHERRY,02,Ozhukarai (M),"300,028"
35,ANDAMAN & NICOBAR ISLA0N3DS,,Port Blair (MC),"100,608"
