State,District,Level,Name,TOT_P
00,000,India,India,1210854977
01,000,STATE,JAMMU & KASHMIR,12541302
01,001,DISTRICT,Kupwara,870354
01,002,DISTRICT,Badgam,753745
01,003,DISTRICT,Leh(Ladakh),133487
01,004,DISTRICT,Kargil,140802
01,005,DISTRICT,Punch,476835
01,006,DISTRICT,Rajouri,642415
01,007,DISTRICT,Kathua,616435
01,008,DISTRICT,Baramula,1008039
01,009,DISTRICT,Bandipore,392232
01,010,DISTRICT,Srinagar,1236829
01,011,DISTRICT,Ganderbal,297446
01,012,DISTRICT,Pulwama,560440
01,013,DISTRICT,Shupiyan,266215
01,014,DISTRICT,Anantnag,1078692
01,015,DISTRICT,Kulgam,424483
01,016,DISTRICT,Doda,409936
01,017,DISTRICT,Ramban,283713
01,018,DISTRICT,Kishtwar,230696
01,019,DISTRICT,Udhampur,554985
01,020,DISTRICT,Reasi,314667
01,021,DISTRICT,Jammu,1529958
01,022,DISTRICT,Samba,318898
02,000,STATE,HIMACHAL PRADESH,6864602
02,023,DISTRICT,Chamba,519080
02,024,DISTRICT,Kangra,1510075
02,025,DISTRICT,Lahul & Spiti,31564
02,026,DISTRICT,Kullu,437903
02,027,DISTRICT,Mandi,999777
02,028,DISTRICT,Hamirpur,454768
02,029,DISTRICT,Una,521173
02,030,DISTRICT,Bilaspur,381956
02,031,DISTRICT,Solan,580320
02,032,DISTRICT,Sirmaur,529855
02,033,DISTRICT,Shimla,814010
02,034,DISTRICT,Kinnaur,84121
03,000,STATE,PUNJAB,27743338
03,035,DISTRICT,Gurdaspur,2298323
03,036,DISTRICT,Kapurthala ,815168
03,037,DISTRICT,Jalandhar,2193590
03,038,DISTRICT,Hoshiarpur,1586625
03,039,DISTRICT,Shahid Bhagat Singh Nagar ,612310
03,040,DISTRICT,Fatehgarh Sahib,600163
03,041,DISTRICT,Ludhiana,3498739
03,042,DISTRICT,Moga,995746
03,043,DISTRICT,Firozpur,2029074
03,044,DISTRICT,Muktsar,901896
03,045,DISTRICT,Faridkot,617508
03,046,DISTRICT,Bathinda,1388525
03,047,DISTRICT,Mansa,769751
03,048,DISTRICT,Patiala,1895686
03,049,DISTRICT,Amritsar ,2490656
03,050,DISTRICT,Tarn Taran,1119627
03,051,DISTRICT,Rupnagar,684627
03,052,DISTRICT,Sahibzada Ajit Singh Nagar,994628
03,053,DISTRICT,Sangrur,1655169
03,054,DISTRICT,Barnala,595527
04,000,STATE,CHANDIGARH,1055450
04,055,DISTRICT,Chandigarh,1055450
05,000,STATE,UTTARAKHAND,10086292
05,056,DISTRICT,Uttarkashi,330086
05,057,DISTRICT,Chamoli,391605
05,058,DISTRICT,Rudraprayag,242285
05,059,DISTRICT,Tehri Garhwal,618931
05,060,DISTRICT,Dehradun,1696694
05,061,DISTRICT,Garhwal,687271
05,062,DISTRICT,Pithoragarh,483439
05,063,DISTRICT,Bageshwar,259898
05,064,DISTRICT,"Almora",622506
05,065,DISTRICT,Champawat,259648
05,066,DISTRICT,Nainital,954605
05,067,DISTRICT,Udham Singh Nagar,1648902
05,068,DISTRICT,Hardwar,1890422
06,000,STATE,HARYANA,25351462
06,069,DISTRICT,Panchkula,561293
06,070,DISTRICT,Ambala,1128350
06,071,DISTRICT,Yamunanagar,1214205
06,072,DISTRICT,Kurukshetra,964655
06,073,DISTRICT,Kaithal,1074304
06,074,DISTRICT,Karnal,1505324
06,075,DISTRICT,Panipat,1205437
06,076,DISTRICT,Sonipat,1450001
06,077,DISTRICT,Jind,1334152
06,078,DISTRICT,Fatehabad,942011
06,079,DISTRICT,Sirsa,1295189
06,080,DISTRICT,Hisar,1743931
06,081,DISTRICT,Bhiwani,1634445
06,082,DISTRICT,Rohtak,1061204
06,083,DISTRICT,Jhajjar,958405
06,084,DISTRICT,Mahendragarh,922088
06,085,DISTRICT,Rewari,900332
06,086,DISTRICT,Gurgaon,1514432
06,087,DISTRICT,Mewat ,1089263
06,088,DISTRICT,Faridabad,1809733
06,089,DISTRICT,Palwal ,1042708
07,000,STATE,NCT OF DELHI,16787941
07,090,DISTRICT,North West,3656539
07,091,DISTRICT,North,887978
07,092,DISTRICT,North East,2241624
07,093,DISTRICT,East,1709346
07,094,DISTRICT,New Delhi,142004
07,095,DISTRICT,Central,582320
07,096,DISTRICT,West,2543243
07,097,DISTRICT,South West,2292958
07,098,DISTRICT,South,2731929
08,000,STATE,RAJASTHAN,68548437
08,099,DISTRICT,Ganganagar ,1969168
08,100,DISTRICT,Hanumangarh,1774692
08,101,DISTRICT,Bikaner,2363937
08,102,DISTRICT,Churu,2039547
08,103,DISTRICT,Jhunjhunun,2137045
08,104,DISTRICT,Alwar,3674179
08,105,DISTRICT,Bharatpur,2548462
08,106,DISTRICT,Dhaulpur,1206516
08,107,DISTRICT,Karauli,1458248
08,108,DISTRICT,Sawai Madhopur,1335551
08,109,DISTRICT,Dausa,1634409
08,110,DISTRICT,Jaipur,6626178
08,111,DISTRICT,Sikar,2677333
08,112,DISTRICT,Nagaur,3307743
08,113,DISTRICT,Jodhpur,3687165
08,114,DISTRICT,Jaisalmer,669919
08,115,DISTRICT,Barmer,2603751
08,116,DISTRICT,Jalor,1828730
08,117,DISTRICT,Sirohi,1036346
08,118,DISTRICT,Pali,2037573
08,119,DISTRICT,Ajmer,2583052
08,120,DISTRICT,Tonk,1421326
08,121,DISTRICT,Bundi,1110906
08,122,DISTRICT,Bhilwara,2408523
08,123,DISTRICT,Rajsamand,1156597
08,124,DISTRICT,Dungarpur,1388552
08,125,DISTRICT,Banswara,1797485
08,126,DISTRICT,Chittaurgarh,1544338
08,127,DISTRICT,Kota,1951014
08,128,DISTRICT,Baran,1222755
08,129,DISTRICT,Jhalawar,1411129
08,130,DISTRICT,Udaipur,3068420
08,131,DISTRICT,Pratapgarh,867848
09,000,STATE,UTTAR PRADESH,199812341
09,132,DISTRICT,Saharanpur,3466382
09,133,DISTRICT,Muzaffarnagar,4143512
09,134,DISTRICT,Bijnor,3682713
09,135,DISTRICT,Moradabad,4772006
09,136,DISTRICT,Rampur,2335819
09,137,DISTRICT,Jyotiba Phule Nagar,1840221
09,138,DISTRICT,Meerut,3443689
09,139,DISTRICT,Baghpat,1303048
09,140,DISTRICT,Ghaziabad,4681645
09,141,DISTRICT,Gautam Buddha Nagar,1648115
09,142,DISTRICT,Bulandshahr ,3499171
09,143,DISTRICT,Aligarh,3673889
09,144,DISTRICT,Mahamaya Nagar,1564708
09,145,DISTRICT,Mathura,2547184
09,146,DISTRICT,Agra,4418797
09,147,DISTRICT,Firozabad,2498156
09,148,DISTRICT,Mainpuri,1868529
09,149,DISTRICT,Budaun,3681896
09,150,DISTRICT,Bareilly,4448359
09,151,DISTRICT,Pilibhit,2031007
09,152,DISTRICT,Shahjahanpur,3006538
09,153,DISTRICT,Kheri,4021243
09,154,DISTRICT,Sitapur,4483992
09,155,DISTRICT,Hardoi,4092845
09,156,DISTRICT,Unnao,3108367
09,157,DISTRICT,Lucknow,4589838
09,158,DISTRICT,Rae Bareli,3405559
09,159,DISTRICT,Farrukhabad,1885204
09,160,DISTRICT,Kannauj,1656616
09,161,DISTRICT,Etawah,1581810
09,162,DISTRICT,Auraiya,1379545
09,163,DISTRICT,Kanpur Dehat,1796184
09,164,DISTRICT,Kanpur Nagar,4581268
09,165,DISTRICT,Jalaun ,1689974
09,166,DISTRICT,Jhansi,1998603
09,167,DISTRICT,Lalitpur,1221592
09,168,DISTRICT,Hamirpur,1104285
09,169,DISTRICT,Mahoba,875958
09,170,DISTRICT,Banda,1799410
09,171,DISTRICT,Chitrakoot,991730
09,172,DISTRICT,Fatehpur,2632733
09,173,DISTRICT,Pratapgarh,3209141
09,174,DISTRICT,Kaushambi,1599596
09,175,DISTRICT,Allahabad ,5954391
09,176,DISTRICT,Bara Banki,3260699
09,177,DISTRICT,Faizabad,2470996
09,178,DISTRICT,Ambedkar Nagar,2397888
09,179,DISTRICT,Sultanpur,3797117
09,180,DISTRICT,Bahraich,3487731
09,181,DISTRICT,Shrawasti,1117361
09,182,DISTRICT,Balrampur,2148665
09,183,DISTRICT,Gonda,3433919
09,184,DISTRICT,Siddharthnagar,2559297
09,185,DISTRICT,Basti,2464464
09,186,DISTRICT,Sant Kabir Nagar,1715183
09,187,DISTRICT,Mahrajganj,2684703
09,188,DISTRICT,Gorakhpur,4440895
09,189,DISTRICT,Kushinagar,3564544
09,190,DISTRICT,Deoria,3100946
09,191,DISTRICT,Azamgarh,4613913
09,192,DISTRICT,Mau,2205968
09,193,DISTRICT,Ballia,3239774
09,194,DISTRICT,Jaunpur,4494204
09,195,DISTRICT,Ghazipur,3620268
09,196,DISTRICT,Chandauli,1952756
09,197,DISTRICT,Varanasi,3676841
09,198,DISTRICT,Sant Ravidas Nagar (Bhadohi),1578213
09,199,DISTRICT,Mirzapur,2496970
09,200,DISTRICT,Sonbhadra,1862559
09,201,DISTRICT,Etah,1774480
09,202,DISTRICT,Kanshiram Nagar,1436719
10,000,STATE,BIHAR,104099452
10,203,DISTRICT,Pashchim Champaran,3935042
10,204,DISTRICT,Purba Champaran,5099371
10,205,DISTRICT,Sheohar,656246
10,206,DISTRICT,Sitamarhi,3423574
10,207,DISTRICT,Madhubani,4487379
10,208,DISTRICT,Supaul,2229076
10,209,DISTRICT,Araria,2811569
10,210,DISTRICT,Kishanganj,1690400
10,211,DISTRICT,Purnia,3264619
10,212,DISTRICT,Katihar,3071029
10,213,DISTRICT,Madhepura,2001762
10,214,DISTRICT,Saharsa,1900661
10,215,DISTRICT,Darbhanga,3937385
10,216,DISTRICT,Muzaffarpur,4801062
10,217,DISTRICT,Gopalganj,2562012
10,218,DISTRICT,Siwan,3330464
10,219,DISTRICT,Saran,3951862
10,220,DISTRICT,Vaishali,3495021
10,221,DISTRICT,Samastipur,4261566
10,222,DISTRICT,Begusarai,2970541
10,223,DISTRICT,Khagaria,1666886
10,224,DISTRICT,Bhagalpur,3037766
10,225,DISTRICT,Banka,2034763
10,226,DISTRICT,Munger,1367765
10,227,DISTRICT,Lakhisarai,1000912
10,228,DISTRICT,Sheikhpura,636342
10,229,DISTRICT,Nalanda,2877653
10,230,DISTRICT,Patna,5838465
10,231,DISTRICT,Bhojpur,2728407
10,232,DISTRICT,Buxar,1706352
10,233,DISTRICT,Kaimur (Bhabua),1626384
10,234,DISTRICT,Rohtas,2959918
10,235,DISTRICT,Aurangabad,2540073
10,236,DISTRICT,Gaya,4391418
10,237,DISTRICT,Nawada,2219146
10,238,DISTRICT,Jamui,1760405
10,239,DISTRICT,Jehanabad ,1125313
10,240,DISTRICT,Arwal,700843
11,000,STATE,SIKKIM,610577
11,241,DISTRICT,North  District,43709
11,242,DISTRICT,West District,136435
11,243,DISTRICT,South District,146850
11,244,DISTRICT,East District,283583
12,000,STATE,ARUNACHAL PRADESH,1383727
12,245,DISTRICT,Tawang,49977
12,246,DISTRICT,West Kameng,83947
12,247,DISTRICT,East Kameng,78690
12,248,DISTRICT,Papum Pare,176573
12,249,DISTRICT,Upper Subansiri,83448
12,250,DISTRICT,West Siang,112274
12,251,DISTRICT,East Siang,99214
12,252,DISTRICT,Upper Siang,35320
12,253,DISTRICT,Changlang,148226
12,254,DISTRICT,Tirap,111975
12,255,DISTRICT,Lower Subansiri,83030
12,256,DISTRICT,Kurung Kumey,92076
12,257,DISTRICT,Dibang Valley,8004
12,258,DISTRICT,Lower Dibang Valley,54080
12,259,DISTRICT,Lohit,145726
12,260,DISTRICT,Anjaw,21167
13,000,STATE,NAGALAND,1978502
13,261,DISTRICT,Mon,250260
13,262,DISTRICT,Mokokchung,194622
13,263,DISTRICT,Zunheboto,140757
13,264,DISTRICT,Wokha,166343
13,265,DISTRICT,Dimapur ,378811
13,266,DISTRICT,Phek,163418
13,267,DISTRICT,Tuensang,196596
13,268,DISTRICT,Longleng,50484
13,269,DISTRICT,Kiphire,74004
13,270,DISTRICT,Kohima,267988
13,271,DISTRICT,Peren,95219
14,000,STATE,MANIPUR,2855794
14,272,DISTRICT,Senapati,479148
14,273,DISTRICT,Tamenglong ,140651
14,274,DISTRICT,Churachandpur,274143
14,275,DISTRICT,Bishnupur,237399
14,276,DISTRICT,Thoubal,422168
14,277,DISTRICT,Imphal West,517992
14,278,DISTRICT,Imphal East,456113
14,279,DISTRICT,Ukhrul,183998
14,280,DISTRICT,Chandel,144182
15,000,STATE,MIZORAM,1097206
15,281,DISTRICT,Mamit,86364
15,282,DISTRICT,Kolasib,83955
15,283,DISTRICT,Aizawl,400309
15,284,DISTRICT,Champhai,125745
15,285,DISTRICT,Serchhip,64937
15,286,DISTRICT,Lunglei,161428
15,287,DISTRICT,Lawngtlai,117894
15,288,DISTRICT,Saiha,56574
16,000,STATE,TRIPURA,3673917
16,289,DISTRICT,West Tripura ,1725739
16,290,DISTRICT,South Tripura ,876001
16,291,DISTRICT,Dhalai,378230
16,292,DISTRICT,North Tripura,693947
17,000,STATE,MEGHALAYA,2966889
17,293,DISTRICT,West Garo Hills,643291
17,294,DISTRICT,East Garo Hills,317917
17,295,DISTRICT,South Garo Hills,142334
17,296,DISTRICT,West Khasi Hills,383461
17,297,DISTRICT,Ribhoi,258840
17,298,DISTRICT,East Khasi Hills,825922
17,299,DISTRICT,Jaintia Hills,395124
18,000,STATE,ASSAM,31205576
18,300,DISTRICT,Kokrajhar,887142
18,301,DISTRICT,Dhubri,1949258
18,302,DISTRICT,Goalpara,1008183
18,303,DISTRICT,Barpeta,1693622
18,304,DISTRICT,Morigaon,957423
18,305,DISTRICT,Nagaon,2823768
18,306,DISTRICT,Sonitpur,1924110
18,307,DISTRICT,Lakhimpur,1042137
18,308,DISTRICT,Dhemaji,686133
18,309,DISTRICT,Tinsukia,1327929
18,310,DISTRICT,Dibrugarh,1326335
18,311,DISTRICT,Sivasagar,1151050
18,312,DISTRICT,Jorhat,1092256
18,313,DISTRICT,Golaghat,1066888
18,314,DISTRICT,Karbi Anglong,956313
18,315,DISTRICT,Dima Hasao,214102
18,316,DISTRICT,Cachar,1736617
18,317,DISTRICT,Karimganj,1228686
18,318,DISTRICT,Hailakandi,659296
18,319,DISTRICT,Bongaigaon,738804
18,320,DISTRICT,Chirang,482162
18,321,DISTRICT,Kamrup,1517542
18,322,DISTRICT,Kamrup Metropolitan,1253938
18,323,DISTRICT,Nalbari,771639
18,324,DISTRICT,Baksa,950075
18,325,DISTRICT,Darrang,928500
18,326,DISTRICT,Udalguri,831668
19,000,STATE,WEST BENGAL,91276115
19,327,DISTRICT,Darjiling ,1846823
19,328,DISTRICT,Jalpaiguri ,3872846
19,329,DISTRICT,Koch Bihar ,2819086
19,330,DISTRICT,Uttar Dinajpur,3007134
19,331,DISTRICT,Dakshin Dinajpur,1676276
19,332,DISTRICT,Maldah ,3988845
19,333,DISTRICT,Murshidabad ,7103807
19,334,DISTRICT,Birbhum,3502404
19,335,DISTRICT,Barddhaman ,7717563
19,336,DISTRICT,Nadia ,5167600
19,337,DISTRICT,North Twenty Four Parganas,10009781
19,338,DISTRICT,Hugli ,5519145
19,339,DISTRICT,Bankura ,3596674
19,340,DISTRICT,Puruliya,2930115
19,341,DISTRICT,Haora ,4850029
19,342,DISTRICT,Kolkata,4496694
19,343,DISTRICT,South Twenty Four Parganas,8161961
19,344,DISTRICT,Paschim Medinipur,5913457
19,345,DISTRICT,Purba Medinipur,5095875
20,000,STATE,JHARKHAND,32988134
20,346,DISTRICT,Garhwa ,1322784
20,347,DISTRICT,Chatra,1042886
20,348,DISTRICT,Kodarma,716259
20,349,DISTRICT,Giridih,2445474
20,350,DISTRICT,Deoghar,1492073
20,351,DISTRICT,Godda,1313551
20,352,DISTRICT,Sahibganj,1150567
20,353,DISTRICT,Pakur,900422
20,354,DISTRICT,Dhanbad,2684487
20,355,DISTRICT,Bokaro,2062330
20,356,DISTRICT,Lohardaga,461790
20,357,DISTRICT,Purbi Singhbhum,2293919
20,358,DISTRICT,Palamu,1939869
20,359,DISTRICT,Latehar,726978
20,360,DISTRICT,Hazaribagh,1734495
20,361,DISTRICT,Ramgarh,949443
20,362,DISTRICT,Dumka,1321442
20,363,DISTRICT,Jamtara,791042
20,364,DISTRICT,Ranchi,2914253
20,365,DISTRICT,Khunti,531885
20,366,DISTRICT,Gumla,1025213
20,367,DISTRICT,Simdega,599578
20,368,DISTRICT,Pashchimi Singhbhum,1502338
20,369,DISTRICT,Saraikela-Kharsawan,1065056
21,000,STATE,ODISHA,41974218
21,370,DISTRICT,Bargarh,1481255
21,371,DISTRICT,Jharsuguda,579505
21,372,DISTRICT,Sambalpur,1041099
21,373,DISTRICT,Debagarh,312520
21,374,DISTRICT,Sundargarh,2093437
21,375,DISTRICT,Kendujhar,1801733
21,376,DISTRICT,Mayurbhanj,2519738
21,377,DISTRICT,Baleshwar,2320529
21,378,DISTRICT,Bhadrak,1506337
21,379,DISTRICT,Kendrapara ,1440361
21,380,DISTRICT,Jagatsinghapur ,1136971
21,381,DISTRICT,Cuttack,2624470
21,382,DISTRICT,Jajapur  ,1827192
21,383,DISTRICT,Dhenkanal,1192811
21,384,DISTRICT,Anugul  ,1273821
21,385,DISTRICT,Nayagarh  ,962789
21,386,DISTRICT,Khordha ,2251673
21,387,DISTRICT,Puri,1698730
21,388,DISTRICT,Ganjam,3529031
21,389,DISTRICT,Gajapati,577817
21,390,DISTRICT,Kandhamal,733110
21,391,DISTRICT,Baudh,441162
21,392,DISTRICT,Subarnapur,610183
21,393,DISTRICT,Balangir,1648997
21,394,DISTRICT,Nuapada,610382
21,395,DISTRICT,Kalahandi,1576869
21,396,DISTRICT,Rayagada  ,967911
21,397,DISTRICT,Nabarangapur ,1220946
21,398,DISTRICT,Koraput,1379647
21,399,DISTRICT,Malkangiri  ,613192
22,000,STATE,CHHATTISGARH,25545198
22,400,DISTRICT,Koriya,658917
22,401,DISTRICT,Surguja,2359886
22,402,DISTRICT,Jashpur ,851669
22,403,DISTRICT,Raigarh,1493984
22,404,DISTRICT,Korba ,1206640
22,405,DISTRICT,Janjgir - Champa,1619707
22,406,DISTRICT,Bilaspur,2663629
22,407,DISTRICT,Kabeerdham,822526
22,408,DISTRICT,Rajnandgaon,1537133
22,409,DISTRICT,Durg,3343872
22,410,DISTRICT,Raipur,4063872
22,411,DISTRICT,Mahasamund,1032754
22,412,DISTRICT,Dhamtari ,799781
22,413,DISTRICT,Uttar Bastar Kanker,748941
22,414,DISTRICT,Bastar,1413199
22,415,DISTRICT,Narayanpur,139820
22,416,DISTRICT,Dakshin Bastar Dantewada,533638
22,417,DISTRICT,Bijapur,255230
23,000,STATE,MADHYA PRADESH,72626809
23,418,DISTRICT,Sheopur ,687861
23,419,DISTRICT,Morena,1965970
23,420,DISTRICT,Bhind,1703005
23,421,DISTRICT,Gwalior,2032036
23,422,DISTRICT,Datia,786754
23,423,DISTRICT,Shivpuri,1726050
23,424,DISTRICT,Tikamgarh,1445166
23,425,DISTRICT,Chhatarpur,1762375
23,426,DISTRICT,Panna,1016520
23,427,DISTRICT,Sagar,2378458
23,428,DISTRICT,Damoh,1264219
23,429,DISTRICT,Satna,2228935
23,430,DISTRICT,Rewa,2365106
23,431,DISTRICT,Umaria,644758
23,432,DISTRICT,Neemuch ,826067
23,433,DISTRICT,Mandsaur,1340411
23,434,DISTRICT,Ratlam,1455069
23,435,DISTRICT,Ujjain,1986864
23,436,DISTRICT,Shajapur,1512681
23,437,DISTRICT,Dewas,1563715
23,438,DISTRICT,Dhar,2185793
23,439,DISTRICT,Indore,3276697
23,440,DISTRICT,Khargone (West Nimar),1873046
23,441,DISTRICT,Barwani ,1385881
23,442,DISTRICT,Rajgarh,1545814
23,443,DISTRICT,Vidisha,1458875
23,444,DISTRICT,Bhopal,2371061
23,445,DISTRICT,Sehore,1311332
23,446,DISTRICT,Raisen,1331597
23,447,DISTRICT,Betul,1575362
23,448,DISTRICT,Harda ,570465
23,449,DISTRICT,Hoshangabad,1241350
23,450,DISTRICT,Katni ,1292042
23,451,DISTRICT,Jabalpur,2463289
23,452,DISTRICT,Narsimhapur,1091854
23,453,DISTRICT,Dindori ,704524
23,454,DISTRICT,Mandla,1054905
23,455,DISTRICT,Chhindwara,2090922
23,456,DISTRICT,Seoni,1379131
23,457,DISTRICT,Balaghat,1701698
23,458,DISTRICT,Guna,1241519
23,459,DISTRICT,Ashoknagar,845071
23,460,DISTRICT,Shahdol,1066063
23,461,DISTRICT,Anuppur,749237
23,462,DISTRICT,Sidhi,1127033
23,463,DISTRICT,Singrauli,1178273
23,464,DISTRICT,Jhabua,1025048
23,465,DISTRICT,Alirajpur,728999
23,466,DISTRICT,Khandwa (East Nimar),1310061
23,467,DISTRICT,Burhanpur,757847
24,000,STATE,GUJARAT,60439692
24,468,DISTRICT,Kachchh,2092371
24,469,DISTRICT,Banas Kantha,3120506
24,470,DISTRICT,Patan  ,1343734
24,471,DISTRICT,Mahesana,2035064
24,472,DISTRICT,Sabar Kantha,2428589
24,473,DISTRICT,Gandhinagar,1391753
24,474,DISTRICT,Ahmadabad,7214225
24,475,DISTRICT,Surendranagar,1756268
24,476,DISTRICT,Rajkot,3804558
24,477,DISTRICT,Jamnagar,2160119
24,478,DISTRICT,Porbandar ,585449
24,479,DISTRICT,Junagadh,2743082
24,480,DISTRICT,Amreli,1514190
24,481,DISTRICT,Bhavnagar,2880365
24,482,DISTRICT,Anand  ,2092745
24,483,DISTRICT,Kheda,2299885
24,484,DISTRICT,Panch Mahals,2390776
24,485,DISTRICT,Dohad  ,2127086
24,486,DISTRICT,Vadodara,4165626
24,487,DISTRICT,Narmada,590297
24,488,DISTRICT,Bharuch,1551019
24,489,DISTRICT,The Dangs,228291
24,490,DISTRICT,Navsari  ,1329672
24,491,DISTRICT,Valsad,1705678
24,492,DISTRICT,Surat,6081322
24,493,DISTRICT,Tapi,807022
25,000,STATE,DAMAN & DIU,243247
25,494,DISTRICT,Diu,52074
25,495,DISTRICT,Daman,191173
26,000,STATE,DADRA & NAGAR HAVELI,343709
26,496,DISTRICT,Dadra & Nagar Haveli,343709
27,000,STATE,MAHARASHTRA,112374333
27,497,DISTRICT,Nandurbar,1648295
27,498,DISTRICT,Dhule,2050862
27,499,DISTRICT,Jalgaon,4229917
27,500,DISTRICT,Buldana,2586258
27,501,DISTRICT,Akola,1813906
27,502,DISTRICT,Washim,1197160
27,503,DISTRICT,Amravati,2888445
27,504,DISTRICT,Wardha,1300774
27,505,DISTRICT,Nagpur,4653570
27,506,DISTRICT,Bhandara,1200334
27,507,DISTRICT,Gondiya,1322507
27,508,DISTRICT,Gadchiroli,1072942
27,509,DISTRICT,Chandrapur,2204307
27,510,DISTRICT,Yavatmal,2772348
27,511,DISTRICT,Nanded,3361292
27,512,DISTRICT,Hingoli,1177345
27,513,DISTRICT,Parbhani,1836086
27,514,DISTRICT,Jalna,1959046
27,515,DISTRICT,Aurangabad,3701282
27,516,DISTRICT,Nashik,6107187
27,517,DISTRICT,Thane,11060148
27,518,DISTRICT,Mumbai Suburban,9356962
27,519,DISTRICT,Mumbai,3085411
27,520,DISTRICT,Raigarh,2634200
27,521,DISTRICT,Pune,9429408
27,522,DISTRICT,Ahmadnagar,4543159
27,523,DISTRICT,Bid,2585049
27,524,DISTRICT,Latur,2454196
27,525,DISTRICT,Osmanabad,1657576
27,526,DISTRICT,Solapur,4317756
27,527,DISTRICT,Satara,3003741
27,528,DISTRICT,Ratnagiri,1615069
27,529,DISTRICT,Sindhudurg,849651
27,530,DISTRICT,Kolhapur,3876001
27,531,DISTRICT,Sangli,2822143
28,000,STATE,ANDHRA PRADESH,84580777
28,532,DISTRICT,Adilabad,2741239
28,533,DISTRICT,Nizamabad,2551335
28,534,DISTRICT,Karimnagar,3776269
28,535,DISTRICT,Medak,3033288
28,536,DISTRICT,Hyderabad,3943323
28,537,DISTRICT,Rangareddy,5296741
28,538,DISTRICT,Mahbubnagar,4053028
28,539,DISTRICT,Nalgonda,3488809
28,540,DISTRICT,Warangal,3512576
28,541,DISTRICT,Khammam,2797370
28,542,DISTRICT,Srikakulam,2703114
28,543,DISTRICT,Vizianagaram,2344474
28,544,DISTRICT,Visakhapatnam,4290589
28,545,DISTRICT,East Godavari,5154296
28,546,DISTRICT,West Godavari,3936966
28,547,DISTRICT,Krishna,4517398
28,548,DISTRICT,Guntur,4887813
28,549,DISTRICT,Prakasam,3397448
28,550,DISTRICT,Sri Potti Sriramulu Nellore,2963557
28,551,DISTRICT,Y.S.R.,2882469
28,552,DISTRICT,Kurnool,4053463
28,553,DISTRICT,Anantapur,4081148
28,554,DISTRICT,Chittoor,4174064
29,000,STATE,KARNATAKA,61095297
29,555,DISTRICT,Belgaum,4779661
29,556,DISTRICT,Bagalkot ,1889752
29,557,DISTRICT,Bijapur,2177331
29,558,DISTRICT,Bidar,1703300
29,559,DISTRICT,Raichur,1928812
29,560,DISTRICT,Koppal,1389920
29,561,DISTRICT,Gadag,1064570
29,562,DISTRICT,Dharwad,1847023
29,563,DISTRICT,Uttara Kannada,1437169
29,564,DISTRICT,Haveri,1597668
29,565,DISTRICT,Bellary,2452595
29,566,DISTRICT,Chitradurga,1659456
29,567,DISTRICT,Davanagere,1945497
29,568,DISTRICT,Shimoga,1752753
29,569,DISTRICT,Udupi,1177361
29,570,DISTRICT,Chikmagalur,1137961
29,571,DISTRICT,Tumkur,2678980
29,572,DISTRICT,Bangalore,9621551
29,573,DISTRICT,Mandya,1805769
29,574,DISTRICT,Hassan,1776421
29,575,DISTRICT,Dakshina Kannada,2089649
29,576,DISTRICT,Kodagu,554519
29,577,DISTRICT,Mysore,3001127
29,578,DISTRICT,Chamarajanagar,1020791
29,579,DISTRICT,Gulbarga,2566326
29,580,DISTRICT,Yadgir,1174271
29,581,DISTRICT,Kolar,1536401
29,582,DISTRICT,Chikkaballapura,1255104
29,584,DISTRICT,Ramanagara,1082636
30,000,STATE,GOA,1458545
30,585,DISTRICT,North Goa,818008
30,586,DISTRICT,South Goa,640537
31,000,STATE,LAKSHADWEEP,64473
31,587,DISTRICT,Lakshadweep,64473
32,000,STATE,KERALA,33406061
32,588,DISTRICT,Kasaragod,1307375
32,589,DISTRICT,Kannur,2523003
32,590,DISTRICT,Wayanad,817420
32,591,DISTRICT,Kozhikode,3086293
32,592,DISTRICT,Malappuram,4112920
32,593,DISTRICT,Palakkad,2809934
32,594,DISTRICT,Thrissur,3121200
32,595,DISTRICT,Ernakulam,3282388
32,596,DISTRICT,Idukki ,1108974
32,597,DISTRICT,Kottayam,1974551
32,598,DISTRICT,Alappuzha,2127789
32,599,DISTRICT,Pathanamthitta,1197412
32,600,DISTRICT,Kollam,2635375
32,601,DISTRICT,Thiruvananthapuram,3301427
33,000,STATE,TAMIL NADU,72147030
33,602,DISTRICT,Thiruvallur,3728104
33,603,DISTRICT,Chennai,4646732
33,604,DISTRICT,Kancheepuram,3998252
33,605,DISTRICT,Vellore,3936331
33,606,DISTRICT,Tiruvannamalai,2464875
33,607,DISTRICT,Viluppuram,3458873
33,608,DISTRICT,Salem,3482056
33,609,DISTRICT,Namakkal   ,1726601
33,610,DISTRICT,Erode,2251744
33,611,DISTRICT,The Nilgiris,735394
33,612,DISTRICT,Dindigul,2159775
33,613,DISTRICT,Karur ,1064493
33,614,DISTRICT,Tiruchirappalli,2722290
33,615,DISTRICT,Perambalur  ,565223
33,616,DISTRICT,Ariyalur  ,754894
33,617,DISTRICT,Cuddalore,2605914
33,618,DISTRICT,Nagapattinam  ,1616450
33,619,DISTRICT,Thiruvarur,1264277
33,620,DISTRICT,Thanjavur,2405890
33,621,DISTRICT,Pudukkottai,1618345
33,622,DISTRICT,Sivaganga,1339101
33,623,DISTRICT,Madurai,3038252
33,624,DISTRICT,Theni  ,1245899
33,625,DISTRICT,Virudhunagar,1942288
33,626,DISTRICT,Ramanathapuram,1353445
33,627,DISTRICT,Thoothukkudi,1750176
33,628,DISTRICT,Tirunelveli ,3077233
33,629,DISTRICT,Kanniyakumari,1870374
33,630,DISTRICT,Dharmapuri,1506843
33,631,DISTRICT,Krishnagiri,1879809
33,632,DISTRICT,Coimbatore,3458045
33,633,DISTRICT,Tiruppur,2479052
34,000,STATE,PUDUCHERRY,1247953
34,634,DISTRICT,Yanam,55626
34,635,DISTRICT,Puducherry,950289
34,636,DISTRICT,Mahe,41816
34,637,DISTRICT,Karaikal,200222
35,000,STATE,ANDAMAN & NICOBAR ISLANDS,380581
35,638,DISTRICT,Nicobars,36842
35,639,DISTRICT,North  & Middle Andaman,105597
35,640,DISTRICT,South Andaman,238142
